keyword,type,country,city,search_volume,service_category
excavator hire melbourne,local,AU,melbourne,320,Excavators
excavators for hire melbourne,local,AU,melbourne,320,Excavators
mini excavator hire melbourne,local,AU,melbourne,90,Excavators
excavator rental melbourne,local,AU,melbourne,70,Excavators
loader hire melbourne,local,AU,melbourne,10,Loaders
loaders for hire melbourne,local,AU,melbourne,0,Loaders
wheel loader hire melbourne,local,AU,melbourne,10,Loaders
loader rental melbourne,local,AU,melbourne,0,Loaders
skid steer loader hire melbourne,local,AU,melbourne,30,Loaders
telehandler hire melbourne,local,AU,melbourne,40,Telehandlers
telehandlers for hire melbourne,local,AU,melbourne,0,Telehandlers
telehandler rental melbourne,local,AU,melbourne,0,Telehandlers
forklift hire melbourne,local,AU,melbourne,320,Telehandlers
shipping container hire melbourne,local,AU,melbourne,90,Shipping Containers
shipping containers for hire melbourne,local,AU,melbourne,90,Shipping Containers
container hire melbourne,local,AU,melbourne,90,Shipping Containers
storage container hire melbourne,local,AU,melbourne,10,Shipping Containers
shipping container rental melbourne,local,AU,melbourne,10,Shipping Containers
20ft container hire melbourne,local,AU,melbourne,10,Shipping Containers
40ft container hire melbourne,local,AU,melbourne,0,Shipping Containers
worksite facilities hire melbourne,local,AU,melbourne,0,Worksite Facilities
site facilities hire melbourne,local,AU,melbourne,0,Worksite Facilities
portable buildings hire melbourne,local,AU,melbourne,0,Worksite Facilities
refrigerated container hire melbourne,local,AU,melbourne,10,Shipping Containers
refrigerated containers for hire melbourne,local,AU,melbourne,0,Shipping Containers
cold storage container hire melbourne,local,AU,melbourne,0,Shipping Containers
reefer container hire melbourne,local,AU,melbourne,0,Shipping Containers
dangerous goods container hire melbourne,local,AU,melbourne,0,Shipping Containers
dangerous goods storage melbourne,local,AU,melbourne,0,Shipping Containers
hazardous goods container melbourne,local,AU,melbourne,0,Shipping Containers
self storage containers melbourne,local,AU,melbourne,260,Shipping Containers
portable storage containers melbourne,local,AU,melbourne,10,Shipping Containers
storage containers for hire melbourne,local,AU,melbourne,10,Shipping Containers
tilt prop hire melbourne,local,AU,melbourne,0,Tilt Props & Propping
tilt props for hire melbourne,local,AU,melbourne,0,Tilt Props & Propping
acrow props hire melbourne,local,AU,melbourne,0,Tilt Props & Propping
propping hire melbourne,local,AU,melbourne,0,Tilt Props & Propping
pump hire melbourne,local,AU,melbourne,10,Pumps
pumps for hire melbourne,local,AU,melbourne,0,Pumps
water pump hire melbourne,local,AU,melbourne,10,Pumps
submersible pump hire melbourne,local,AU,melbourne,0,Pumps
dewatering pump hire melbourne,local,AU,melbourne,0,Pumps
trash pump hire melbourne,local,AU,melbourne,0,Pumps
shoring box hire melbourne,local,AU,melbourne,0,Shoring Boxes
shoring boxes for hire melbourne,local,AU,melbourne,0,Shoring Boxes
trench box hire melbourne,local,AU,melbourne,0,Shoring Boxes
trench shoring hire melbourne,local,AU,melbourne,0,Shoring Boxes
shoring hire melbourne,local,AU,melbourne,10,Shoring Boxes
trench shoring melbourne,local,AU,melbourne,0,Shoring Boxes
excavation shoring melbourne,local,AU,melbourne,0,Shoring Boxes
hydraulic shoring melbourne,local,AU,melbourne,0,Shoring Boxes
pipe plugging equipment melbourne,local,AU,melbourne,0,Pipe Plugging & Confined Space
confined space equipment hire melbourne,local,AU,melbourne,0,Pipe Plugging & Confined Space
trench safety equipment melbourne,local,AU,melbourne,0,General Equipment
traffic management equipment hire melbourne,local,AU,melbourne,0,Traffic Management
traffic control equipment melbourne,local,AU,melbourne,0,Traffic Management
worksite traffic management melbourne,local,AU,melbourne,0,Traffic Management
construction equipment hire melbourne,local,AU,melbourne,20,General Equipment
plant equipment hire melbourne,local,AU,melbourne,10,General Equipment
heavy equipment hire melbourne,local,AU,melbourne,0,General Equipment
earthmoving equipment hire melbourne,local,AU,melbourne,10,General Equipment
equipment hire melbourne,local,AU,melbourne,260,General Equipment
plant hire melbourne,local,AU,melbourne,260,General Equipment
machinery hire melbourne,local,AU,melbourne,40,General Equipment
construction machinery hire melbourne,local,AU,melbourne,0,General Equipment
excavator hire brisbane,local,AU,brisbane,210,Excavators
excavators for hire brisbane,local,AU,brisbane,210,Excavators
mini excavator hire brisbane,local,AU,brisbane,110,Excavators
excavator rental brisbane,local,AU,brisbane,0,Excavators
loader hire brisbane,local,AU,brisbane,10,Loaders
loaders for hire brisbane,local,AU,brisbane,0,Loaders
wheel loader hire brisbane,local,AU,brisbane,10,Loaders
loader rental brisbane,local,AU,brisbane,0,Loaders
skid steer loader hire brisbane,local,AU,brisbane,10,Loaders
telehandler hire brisbane,local,AU,brisbane,50,Telehandlers
telehandlers for hire brisbane,local,AU,brisbane,0,Telehandlers
telehandler rental brisbane,local,AU,brisbane,0,Telehandlers
forklift hire brisbane,local,AU,brisbane,260,Telehandlers
shipping container hire brisbane,local,AU,brisbane,210,Shipping Containers
shipping containers for hire brisbane,local,AU,brisbane,210,Shipping Containers
container hire brisbane,local,AU,brisbane,140,Shipping Containers
storage container hire brisbane,local,AU,brisbane,40,Shipping Containers
shipping container rental brisbane,local,AU,brisbane,20,Shipping Containers
20ft container hire brisbane,local,AU,brisbane,0,Shipping Containers
40ft container hire brisbane,local,AU,brisbane,0,Shipping Containers
worksite facilities hire brisbane,local,AU,brisbane,0,Worksite Facilities
site facilities hire brisbane,local,AU,brisbane,0,Worksite Facilities
portable buildings hire brisbane,local,AU,brisbane,0,Worksite Facilities
refrigerated container hire brisbane,local,AU,brisbane,10,Shipping Containers
refrigerated containers for hire brisbane,local,AU,brisbane,0,Shipping Containers
cold storage container hire brisbane,local,AU,brisbane,0,Shipping Containers
reefer container hire brisbane,local,AU,brisbane,0,Shipping Containers
dangerous goods container hire brisbane,local,AU,brisbane,0,Shipping Containers
dangerous goods storage brisbane,local,AU,brisbane,10,Shipping Containers
hazardous goods container brisbane,local,AU,brisbane,0,Shipping Containers
self storage containers brisbane,local,AU,brisbane,390,Shipping Containers
portable storage containers brisbane,local,AU,brisbane,0,Shipping Containers
storage containers for hire brisbane,local,AU,brisbane,10,Shipping Containers
tilt prop hire brisbane,local,AU,brisbane,0,Tilt Props & Propping
tilt props for hire brisbane,local,AU,brisbane,0,Tilt Props & Propping
acrow props hire brisbane,local,AU,brisbane,0,Tilt Props & Propping
propping hire brisbane,local,AU,brisbane,0,Tilt Props & Propping
pump hire brisbane,local,AU,brisbane,10,Pumps
pumps for hire brisbane,local,AU,brisbane,0,Pumps
water pump hire brisbane,local,AU,brisbane,10,Pumps
submersible pump hire brisbane,local,AU,brisbane,0,Pumps
dewatering pump hire brisbane,local,AU,brisbane,0,Pumps
trash pump hire brisbane,local,AU,brisbane,0,Pumps
shoring box hire brisbane,local,AU,brisbane,0,Shoring Boxes
shoring boxes for hire brisbane,local,AU,brisbane,0,Shoring Boxes
trench box hire brisbane,local,AU,brisbane,0,Shoring Boxes
trench shoring hire brisbane,local,AU,brisbane,0,Shoring Boxes
shoring hire brisbane,local,AU,brisbane,10,Shoring Boxes
trench shoring brisbane,local,AU,brisbane,0,Shoring Boxes
excavation shoring brisbane,local,AU,brisbane,0,Shoring Boxes
hydraulic shoring brisbane,local,AU,brisbane,0,Shoring Boxes
pipe plugging equipment brisbane,local,AU,brisbane,0,Pipe Plugging & Confined Space
confined space equipment hire brisbane,local,AU,brisbane,10,Pipe Plugging & Confined Space
trench safety equipment brisbane,local,AU,brisbane,0,General Equipment
traffic management equipment hire brisbane,local,AU,brisbane,0,Traffic Management
traffic control equipment brisbane,local,AU,brisbane,10,Traffic Management
worksite traffic management brisbane,local,AU,brisbane,0,Traffic Management
construction equipment hire brisbane,local,AU,brisbane,10,General Equipment
plant equipment hire brisbane,local,AU,brisbane,10,General Equipment
heavy equipment hire brisbane,local,AU,brisbane,0,General Equipment
earthmoving equipment hire brisbane,local,AU,brisbane,20,General Equipment
equipment hire brisbane,local,AU,brisbane,210,General Equipment
plant hire brisbane,local,AU,brisbane,210,General Equipment
machinery hire brisbane,local,AU,brisbane,50,General Equipment
construction machinery hire brisbane,local,AU,brisbane,0,General Equipment
worksite facilities hire gold coast,local,AU,gold coast,0,Worksite Facilities
site facilities hire gold coast,local,AU,gold coast,0,Worksite Facilities
portable buildings hire gold coast,local,AU,gold coast,0,Worksite Facilities
refrigerated container hire gold coast,local,AU,gold coast,0,Shipping Containers
refrigerated containers for hire gold coast,local,AU,gold coast,0,Shipping Containers
cold storage container hire gold coast,local,AU,gold coast,0,Shipping Containers
reefer container hire gold coast,local,AU,gold coast,0,Shipping Containers
dangerous goods container hire gold coast,local,AU,gold coast,0,Shipping Containers
dangerous goods storage gold coast,local,AU,gold coast,0,Shipping Containers
hazardous goods container gold coast,local,AU,gold coast,0,Shipping Containers
self storage containers gold coast,local,AU,gold coast,0,Shipping Containers
portable storage containers gold coast,local,AU,gold coast,0,Shipping Containers
storage containers for hire gold coast,local,AU,gold coast,0,Shipping Containers
tilt prop hire gold coast,local,AU,gold coast,0,Tilt Props & Propping
tilt props for hire gold coast,local,AU,gold coast,0,Tilt Props & Propping
acrow props hire gold coast,local,AU,gold coast,0,Tilt Props & Propping
propping hire gold coast,local,AU,gold coast,0,Tilt Props & Propping
pump hire gold coast,local,AU,gold coast,0,Pumps
pumps for hire gold coast,local,AU,gold coast,0,Pumps
water pump hire gold coast,local,AU,gold coast,0,Pumps
submersible pump hire gold coast,local,AU,gold coast,0,Pumps
dewatering pump hire gold coast,local,AU,gold coast,0,Pumps
trash pump hire gold coast,local,AU,gold coast,0,Pumps
shoring box hire gold coast,local,AU,gold coast,0,Shoring Boxes
shoring boxes for hire gold coast,local,AU,gold coast,0,Shoring Boxes
trench box hire gold coast,local,AU,gold coast,0,Shoring Boxes
trench shoring hire gold coast,local,AU,gold coast,0,Shoring Boxes
shoring hire gold coast,local,AU,gold coast,0,Shoring Boxes
trench shoring gold coast,local,AU,gold coast,0,Shoring Boxes
excavation shoring gold coast,local,AU,gold coast,0,Shoring Boxes
hydraulic shoring gold coast,local,AU,gold coast,0,Shoring Boxes
pipe plugging equipment gold coast,local,AU,gold coast,0,Pipe Plugging & Confined Space
confined space equipment hire gold coast,local,AU,gold coast,0,Pipe Plugging & Confined Space
trench safety equipment gold coast,local,AU,gold coast,0,General Equipment
traffic management equipment hire gold coast,local,AU,gold coast,0,Traffic Management
traffic control equipment gold coast,local,AU,gold coast,0,Traffic Management
worksite traffic management gold coast,local,AU,gold coast,0,Traffic Management
construction equipment hire gold coast,local,AU,gold coast,0,General Equipment
plant equipment hire gold coast,local,AU,gold coast,0,General Equipment
heavy equipment hire gold coast,local,AU,gold coast,0,General Equipment
earthmoving equipment hire gold coast,local,AU,gold coast,10,General Equipment
equipment hire gold coast,local,AU,gold coast,210,General Equipment
plant hire gold coast,local,AU,gold coast,70,General Equipment
machinery hire gold coast,local,AU,gold coast,10,General Equipment
construction machinery hire gold coast,local,AU,gold coast,0,General Equipment
excavator hire wollongong,local,AU,wollongong,70,Excavators
excavators for hire wollongong,local,AU,wollongong,0,Excavators
mini excavator hire wollongong,local,AU,wollongong,10,Excavators
excavator rental wollongong,local,AU,wollongong,0,Excavators
loader hire wollongong,local,AU,wollongong,10,Loaders
loaders for hire wollongong,local,AU,wollongong,0,Loaders
wheel loader hire wollongong,local,AU,wollongong,0,Loaders
loader rental wollongong,local,AU,wollongong,0,Loaders
skid steer loader hire wollongong,local,AU,wollongong,10,Loaders
telehandler hire wollongong,local,AU,wollongong,10,Telehandlers
telehandlers for hire wollongong,local,AU,wollongong,0,Telehandlers
telehandler rental wollongong,local,AU,wollongong,0,Telehandlers
forklift hire wollongong,local,AU,wollongong,30,Telehandlers
shipping container hire wollongong,local,AU,wollongong,0,Shipping Containers
shipping containers for hire wollongong,local,AU,wollongong,0,Shipping Containers
container hire wollongong,local,AU,wollongong,10,Shipping Containers
storage container hire wollongong,local,AU,wollongong,0,Shipping Containers
shipping container rental wollongong,local,AU,wollongong,0,Shipping Containers
20ft container hire wollongong,local,AU,wollongong,0,Shipping Containers
40ft container hire wollongong,local,AU,wollongong,0,Shipping Containers
worksite facilities hire wollongong,local,AU,wollongong,0,Worksite Facilities
site facilities hire wollongong,local,AU,wollongong,0,Worksite Facilities
portable buildings hire wollongong,local,AU,wollongong,0,Worksite Facilities
refrigerated container hire wollongong,local,AU,wollongong,0,Shipping Containers
refrigerated containers for hire wollongong,local,AU,wollongong,0,Shipping Containers
cold storage container hire wollongong,local,AU,wollongong,0,Shipping Containers
reefer container hire wollongong,local,AU,wollongong,0,Shipping Containers
dangerous goods container hire wollongong,local,AU,wollongong,0,Shipping Containers
dangerous goods storage wollongong,local,AU,wollongong,0,Shipping Containers
hazardous goods container wollongong,local,AU,wollongong,0,Shipping Containers
self storage containers wollongong,local,AU,wollongong,0,Shipping Containers
portable storage containers wollongong,local,AU,wollongong,0,Shipping Containers
storage containers for hire wollongong,local,AU,wollongong,0,Shipping Containers
tilt prop hire wollongong,local,AU,wollongong,0,Tilt Props & Propping
tilt props for hire wollongong,local,AU,wollongong,0,Tilt Props & Propping
acrow props hire wollongong,local,AU,wollongong,0,Tilt Props & Propping
propping hire wollongong,local,AU,wollongong,0,Tilt Props & Propping
pump hire wollongong,local,AU,wollongong,0,Pumps
pumps for hire wollongong,local,AU,wollongong,0,Pumps
water pump hire wollongong,local,AU,wollongong,0,Pumps
submersible pump hire wollongong,local,AU,wollongong,0,Pumps
dewatering pump hire wollongong,local,AU,wollongong,0,Pumps
trash pump hire wollongong,local,AU,wollongong,0,Pumps
shoring box hire wollongong,local,AU,wollongong,0,Shoring Boxes
shoring boxes for hire wollongong,local,AU,wollongong,0,Shoring Boxes
trench box hire wollongong,local,AU,wollongong,0,Shoring Boxes
trench shoring hire wollongong,local,AU,wollongong,0,Shoring Boxes
shoring hire wollongong,local,AU,wollongong,0,Shoring Boxes
trench shoring wollongong,local,AU,wollongong,0,Shoring Boxes
excavation shoring wollongong,local,AU,wollongong,0,Shoring Boxes
hydraulic shoring wollongong,local,AU,wollongong,0,Shoring Boxes
pipe plugging equipment wollongong,local,AU,wollongong,0,Pipe Plugging & Confined Space
confined space equipment hire wollongong,local,AU,wollongong,0,Pipe Plugging & Confined Space
trench safety equipment wollongong,local,AU,wollongong,0,General Equipment
traffic management equipment hire wollongong,local,AU,wollongong,0,Traffic Management
traffic control equipment wollongong,local,AU,wollongong,0,Traffic Management
worksite traffic management wollongong,local,AU,wollongong,0,Traffic Management
construction equipment hire wollongong,local,AU,wollongong,0,General Equipment
plant equipment hire wollongong,local,AU,wollongong,0,General Equipment
heavy equipment hire wollongong,local,AU,wollongong,0,General Equipment
earthmoving equipment hire wollongong,local,AU,wollongong,0,General Equipment
equipment hire wollongong,local,AU,wollongong,40,General Equipment
plant hire wollongong,local,AU,wollongong,20,General Equipment
machinery hire wollongong,local,AU,wollongong,0,General Equipment
construction machinery hire wollongong,local,AU,wollongong,0,General Equipment
worksite facilities hire geelong,local,AU,geelong,0,Worksite Facilities
site facilities hire geelong,local,AU,geelong,0,Worksite Facilities
portable buildings hire geelong,local,AU,geelong,0,Worksite Facilities
refrigerated container hire geelong,local,AU,geelong,0,Shipping Containers
refrigerated containers for hire geelong,local,AU,geelong,0,Shipping Containers
cold storage container hire geelong,local,AU,geelong,0,Shipping Containers
reefer container hire geelong,local,AU,geelong,0,Shipping Containers
dangerous goods container hire geelong,local,AU,geelong,0,Shipping Containers
dangerous goods storage geelong,local,AU,geelong,0,Shipping Containers
hazardous goods container geelong,local,AU,geelong,0,Shipping Containers
self storage containers geelong,local,AU,geelong,0,Shipping Containers
portable storage containers geelong,local,AU,geelong,0,Shipping Containers
storage containers for hire geelong,local,AU,geelong,0,Shipping Containers
tilt prop hire geelong,local,AU,geelong,0,Tilt Props & Propping
tilt props for hire geelong,local,AU,geelong,0,Tilt Props & Propping
acrow props hire geelong,local,AU,geelong,0,Tilt Props & Propping
propping hire geelong,local,AU,geelong,0,Tilt Props & Propping
pump hire geelong,local,AU,geelong,0,Pumps
pumps for hire geelong,local,AU,geelong,0,Pumps
water pump hire geelong,local,AU,geelong,0,Pumps
submersible pump hire geelong,local,AU,geelong,0,Pumps
dewatering pump hire geelong,local,AU,geelong,0,Pumps
trash pump hire geelong,local,AU,geelong,0,Pumps
shoring box hire geelong,local,AU,geelong,0,Shoring Boxes
shoring boxes for hire geelong,local,AU,geelong,0,Shoring Boxes
trench box hire geelong,local,AU,geelong,0,Shoring Boxes
trench shoring hire geelong,local,AU,geelong,0,Shoring Boxes
shoring hire geelong,local,AU,geelong,0,Shoring Boxes
trench shoring geelong,local,AU,geelong,0,Shoring Boxes
excavation shoring geelong,local,AU,geelong,0,Shoring Boxes
hydraulic shoring geelong,local,AU,geelong,0,Shoring Boxes
pipe plugging equipment geelong,local,AU,geelong,0,Pipe Plugging & Confined Space
confined space equipment hire geelong,local,AU,geelong,0,Pipe Plugging & Confined Space
trench safety equipment geelong,local,AU,geelong,0,General Equipment
traffic management equipment hire geelong,local,AU,geelong,0,Traffic Management
traffic control equipment geelong,local,AU,geelong,0,Traffic Management
worksite traffic management geelong,local,AU,geelong,0,Traffic Management
construction equipment hire geelong,local,AU,geelong,0,General Equipment
plant equipment hire geelong,local,AU,geelong,0,General Equipment
heavy equipment hire geelong,local,AU,geelong,0,General Equipment
earthmoving equipment hire geelong,local,AU,geelong,0,General Equipment
equipment hire geelong,local,AU,geelong,170,General Equipment
plant hire geelong,local,AU,geelong,40,General Equipment
machinery hire geelong,local,AU,geelong,30,General Equipment
construction machinery hire geelong,local,AU,geelong,0,General Equipment
worksite facilities hire cairns,local,AU,cairns,0,Worksite Facilities
site facilities hire cairns,local,AU,cairns,0,Worksite Facilities
portable buildings hire cairns,local,AU,cairns,0,Worksite Facilities
refrigerated container hire cairns,local,AU,cairns,0,Shipping Containers
refrigerated containers for hire cairns,local,AU,cairns,0,Shipping Containers
cold storage container hire cairns,local,AU,cairns,0,Shipping Containers
reefer container hire cairns,local,AU,cairns,0,Shipping Containers
dangerous goods container hire cairns,local,AU,cairns,0,Shipping Containers
dangerous goods storage cairns,local,AU,cairns,0,Shipping Containers
hazardous goods container cairns,local,AU,cairns,0,Shipping Containers
self storage containers cairns,local,AU,cairns,0,Shipping Containers
portable storage containers cairns,local,AU,cairns,0,Shipping Containers
storage containers for hire cairns,local,AU,cairns,0,Shipping Containers
tilt prop hire cairns,local,AU,cairns,0,Tilt Props & Propping
tilt props for hire cairns,local,AU,cairns,0,Tilt Props & Propping
acrow props hire cairns,local,AU,cairns,0,Tilt Props & Propping
propping hire cairns,local,AU,cairns,0,Tilt Props & Propping
pump hire cairns,local,AU,cairns,0,Pumps
pumps for hire cairns,local,AU,cairns,0,Pumps
water pump hire cairns,local,AU,cairns,10,Pumps
submersible pump hire cairns,local,AU,cairns,0,Pumps
dewatering pump hire cairns,local,AU,cairns,0,Pumps
trash pump hire cairns,local,AU,cairns,0,Pumps
shoring box hire cairns,local,AU,cairns,0,Shoring Boxes
shoring boxes for hire cairns,local,AU,cairns,0,Shoring Boxes
trench box hire cairns,local,AU,cairns,0,Shoring Boxes
trench shoring hire cairns,local,AU,cairns,0,Shoring Boxes
shoring hire cairns,local,AU,cairns,0,Shoring Boxes
trench shoring cairns,local,AU,cairns,0,Shoring Boxes
excavation shoring cairns,local,AU,cairns,0,Shoring Boxes
hydraulic shoring cairns,local,AU,cairns,0,Shoring Boxes
pipe plugging equipment cairns,local,AU,cairns,0,Pipe Plugging & Confined Space
confined space equipment hire cairns,local,AU,cairns,0,Pipe Plugging & Confined Space
trench safety equipment cairns,local,AU,cairns,0,General Equipment
traffic management equipment hire cairns,local,AU,cairns,0,Traffic Management
traffic control equipment cairns,local,AU,cairns,0,Traffic Management
worksite traffic management cairns,local,AU,cairns,0,Traffic Management
construction equipment hire cairns,local,AU,cairns,10,General Equipment
plant equipment hire cairns,local,AU,cairns,0,General Equipment
heavy equipment hire cairns,local,AU,cairns,0,General Equipment
earthmoving equipment hire cairns,local,AU,cairns,10,General Equipment
equipment hire cairns,local,AU,cairns,170,General Equipment
plant hire cairns,local,AU,cairns,40,General Equipment
machinery hire cairns,local,AU,cairns,70,General Equipment
construction machinery hire cairns,local,AU,cairns,0,General Equipment
telehandlers for hire darwin,local,AU,darwin,0,Telehandlers
telehandler rental darwin,local,AU,darwin,0,Telehandlers
forklift hire darwin,local,AU,darwin,50,Telehandlers
shipping container hire darwin,local,AU,darwin,10,Shipping Containers
shipping containers for hire darwin,local,AU,darwin,10,Shipping Containers
container hire darwin,local,AU,darwin,20,Shipping Containers
storage container hire darwin,local,AU,darwin,0,Shipping Containers
shipping container rental darwin,local,AU,darwin,0,Shipping Containers
20ft container hire darwin,local,AU,darwin,0,Shipping Containers
40ft container hire darwin,local,AU,darwin,0,Shipping Containers
worksite facilities hire darwin,local,AU,darwin,0,Worksite Facilities
site facilities hire darwin,local,AU,darwin,0,Worksite Facilities
portable buildings hire darwin,local,AU,darwin,0,Worksite Facilities
refrigerated container hire darwin,local,AU,darwin,0,Shipping Containers
refrigerated containers for hire darwin,local,AU,darwin,0,Shipping Containers
cold storage container hire darwin,local,AU,darwin,0,Shipping Containers
reefer container hire darwin,local,AU,darwin,0,Shipping Containers
dangerous goods container hire darwin,local,AU,darwin,0,Shipping Containers
dangerous goods storage darwin,local,AU,darwin,0,Shipping Containers
hazardous goods container darwin,local,AU,darwin,0,Shipping Containers
self storage containers darwin,local,AU,darwin,0,Shipping Containers
portable storage containers darwin,local,AU,darwin,0,Shipping Containers
storage containers for hire darwin,local,AU,darwin,0,Shipping Containers
tilt prop hire darwin,local,AU,darwin,0,Tilt Props & Propping
tilt props for hire darwin,local,AU,darwin,0,Tilt Props & Propping
acrow props hire darwin,local,AU,darwin,0,Tilt Props & Propping
propping hire darwin,local,AU,darwin,0,Tilt Props & Propping
pump hire darwin,local,AU,darwin,0,Pumps
pumps for hire darwin,local,AU,darwin,0,Pumps
water pump hire darwin,local,AU,darwin,10,Pumps
submersible pump hire darwin,local,AU,darwin,0,Pumps
dewatering pump hire darwin,local,AU,darwin,0,Pumps
trash pump hire darwin,local,AU,darwin,0,Pumps
shoring box hire darwin,local,AU,darwin,0,Shoring Boxes
shoring boxes for hire darwin,local,AU,darwin,0,Shoring Boxes
trench box hire darwin,local,AU,darwin,0,Shoring Boxes
trench shoring hire darwin,local,AU,darwin,0,Shoring Boxes
shoring hire darwin,local,AU,darwin,0,Shoring Boxes
trench shoring darwin,local,AU,darwin,0,Shoring Boxes
excavation shoring darwin,local,AU,darwin,0,Shoring Boxes
hydraulic shoring darwin,local,AU,darwin,0,Shoring Boxes
pipe plugging equipment darwin,local,AU,darwin,0,Pipe Plugging & Confined Space
confined space equipment hire darwin,local,AU,darwin,0,Pipe Plugging & Confined Space
trench safety equipment darwin,local,AU,darwin,0,General Equipment
traffic management equipment hire darwin,local,AU,darwin,0,Traffic Management
traffic control equipment darwin,local,AU,darwin,0,Traffic Management
worksite traffic management darwin,local,AU,darwin,0,Traffic Management
construction equipment hire darwin,local,AU,darwin,0,General Equipment
plant equipment hire darwin,local,AU,darwin,0,General Equipment
heavy equipment hire darwin,local,AU,darwin,0,General Equipment
earthmoving equipment hire darwin,local,AU,darwin,0,General Equipment
equipment hire darwin,local,AU,darwin,90,General Equipment
plant hire darwin,local,AU,darwin,40,General Equipment
machinery hire darwin,local,AU,darwin,10,General Equipment
construction machinery hire darwin,local,AU,darwin,0,General Equipment
