keyword,competitor,domain,position,url,country
excavator hire,Kennards,www.kennards.com.au,1,https://www.kennards.com.au/for-hire/earthmoving/excavators,Australia
equipment hire,Kennards,www.kennards.com.au,4,https://www.kennards.com.au/equipment,Australia
equipment hire,Coates,www.coates.com.au,5,https://www.coates.com.au/hire,Australia
equipment hire,Coates,www.coates.com.au,13,https://www.coates.com.au/,Australia
digger hire,Kennards,www.kennards.com.au,1,https://www.kennards.com.au/for-hire/earthmoving/excavators,Australia
digger hire,Coates,www.coates.com.au,3,https://www.coates.com.au/hire/earthmoving-equipment/excavators,Australia
digger hire,Kennards,www.kennards.com.au,4,https://www.kennards.com.au/for-hire/earthmoving,Australia
plant hire,Kennards,www.kennards.com.au,4,https://www.kennards.com.au/,Australia
machinery hire,Kennards,www.kennards.com.au,4,https://www.kennards.com.au/equipment,Australia
machinery hire,Coates,www.coates.com.au,5,https://www.coates.com.au/hire,Australia
shipping container hire,Kennards,www.kennards.com.au,6,https://www.kennards.com.au/for-hire/site-accommodation/containers/container-6-m-x-2-4-m-20-ft-x-8-ft,Australia
shipping container hire,Coates,www.coates.com.au,9,https://www.coates.com.au/hire/site-accommodation-toilets-storage/containers-storage-boxes,Australia
earthmoving equipment,Kennards,www.kennards.com.au,8,https://www.kennards.com.au/for-hire/earthmoving,Australia
earthmoving equipment,Coates,www.coates.com.au,14,https://www.coates.com.au/hire/earthmoving-equipment,Australia
telehandler hire,Kennards,www.kennards.com.au,1,https://www.kennards.com.au/for-hire/lifting-materials-handling/forklifts-telehandlers-attachments/telehandler-2-5-t,Australia
telehandler hire,Coates,www.coates.com.au,3,https://www.coates.com.au/hire/forklifts-and-telehandlers/telehandlers,Australia
loader hire,Kennards,www.kennards.com.au,5,https://www.kennards.com.au/for-hire/earthmoving/mini-loaders-transporters/mini-loader,Australia
loader hire,Coates,www.coates.com.au,6,https://www.coates.com.au/hire/earthmoving-equipment/wheel-loaders-and-integrated-tool-carriers,Australia
